N,P,K,temperature,humidity,pH,rainfall,crop,area_code
81,54,51,29.2,74.7,5.7,191.8,coffee,500002
122,52,74,27.7,74.2,6.8,296.0,coffee,500001
44,24,23,19.6,65.2,7.0,198.5,rice,500001
101,61,74,24.3,73.0,6.7,165.8,maize,500001
90,58,30,22.5,72.0,7.4,226.7,maize,500001
50,60,75,22.1,78.5,6.2,148.0,sugarcane,500003
112,47,78,34.5,79.1,6.1,115.2,maize,500003
116,26,36,24.7,61.4,7.2,125.8,rice,500001
104,28,57,33.2,71.2,5.9,125.6,coffee,500002
104,27,43,28.7,78.8,7.4,130.4,maize,500002
117,31,24,31.5,75.1,5.5,127.8,sugarcane,500002
129,53,71,26.5,85.7,7.4,228.2,maize,500002
53,52,53,27.8,79.8,5.6,136.4,rice,500001
32,67,25,26.4,64.9,7.3,169.1,sugarcane,500003
51,42,41,21.3,62.1,6.6,279.4,maize,500002
82,43,30,30.3,79.3,7.5,194.8,sugarcane,500001
31,56,67,22.8,60.8,5.6,233.5,rice,500002
117,54,35,18.4,77.6,6.6,134.5,coffee,500002
59,63,52,29.0,88.2,7.4,138.5,rice,500001
67,59,28,21.0,77.3,6.5,108.2,rice,500003
31,41,79,34.0,71.6,6.8,133.8,rice,500003
93,46,78,34.2,79.3,6.9,155.7,rice,500001
89,54,25,33.6,73.7,6.4,135.4,coffee,500003
50,20,35,24.3,76.4,6.8,117.7,coffee,500001
62,54,48,18.3,88.2,6.7,124.1,sugarcane,500001
105,56,22,33.8,71.6,7.3,192.2,maize,500001
87,66,39,25.3,88.8,5.6,141.3,coffee,500003
51,33,79,34.4,87.2,6.1,172.9,coffee,500001
118,22,78,34.4,65.9,7.4,200.7,maize,500002
78,20,55,32.5,62.1,7.3,238.1,coffee,500003
120,24,38,23.0,63.0,6.4,107.9,rice,500003
88,45,45,24.5,60.5,6.7,259.9,rice,500003
71,33,22,32.5,62.8,6.1,225.6,maize,500003
121,58,38,23.4,80.5,5.9,116.4,sugarcane,500002
89,46,39,20.9,62.1,6.4,274.7,sugarcane,500003
109,28,51,27.5,69.6,6.2,284.2,maize,500003
44,34,26,33.9,85.3,6.7,112.2,maize,500001
91,34,71,29.8,60.7,5.7,155.4,rice,500003
91,45,60,27.7,84.4,7.4,261.2,sugarcane,500002
76,61,52,19.7,68.5,7.5,249.7,coffee,500002
91,32,59,28.5,63.5,6.9,136.9,rice,500002
80,51,58,34.8,80.9,6.6,141.9,maize,500002
84,58,37,20.4,78.9,6.1,174.1,sugarcane,500003
93,68,59,26.8,86.3,7.1,196.9,coffee,500003
32,51,20,32.9,82.1,6.9,223.7,coffee,500002
80,23,30,30.6,84.1,5.8,173.8,rice,500002
36,49,47,29.8,68.5,7.3,192.5,sugarcane,500003
50,56,76,29.9,65.3,7.1,249.5,sugarcane,500002
102,42,44,24.1,82.5,7.4,107.3,maize,500001
68,58,69,23.0,84.2,7.0,150.5,sugarcane,500002
47,64,42,31.8,89.7,6.7,242.7,sugarcane,500002
33,34,50,31.8,72.4,6.3,279.0,rice,500001
118,62,49,32.7,71.2,7.4,202.3,sugarcane,500001
89,48,61,33.5,83.3,7.2,206.4,coffee,500003
43,55,54,26.7,70.2,5.6,121.4,rice,500003
38,32,26,26.5,87.9,5.6,189.5,rice,500001
119,51,79,31.6,85.8,6.3,206.5,maize,500001
82,26,35,29.0,72.9,7.1,148.5,sugarcane,500003
31,41,45,29.9,82.5,7.5,153.8,maize,500002
113,47,67,31.5,82.6,5.8,175.5,coffee,500001
121,21,76,33.1,63.1,6.7,104.0,rice,500003
89,61,71,23.7,87.1,6.3,164.4,rice,500002
100,64,79,24.4,75.2,7.4,142.3,rice,500001
73,25,68,19.6,84.8,7.2,165.5,coffee,500002
37,47,21,27.8,69.6,7.2,124.0,coffee,500003
76,47,20,18.6,86.9,6.4,278.1,maize,500001
64,63,67,25.9,71.7,6.3,218.7,maize,500002
107,63,31,27.2,60.3,6.0,235.8,maize,500001
110,39,24,22.9,87.2,5.6,257.8,sugarcane,500002
65,49,56,28.0,62.7,7.2,199.7,rice,500003
79,30,51,18.5,69.6,7.1,117.4,rice,500003
33,47,78,18.6,88.5,7.5,207.4,maize,500001
31,44,74,32.0,88.5,7.5,217.4,rice,500002
35,58,28,24.1,77.2,6.6,249.1,maize,500001
83,52,60,20.2,79.0,7.0,186.3,sugarcane,500001
33,20,54,26.9,73.5,7.4,125.5,sugarcane,500002
83,46,38,31.1,68.8,7.2,156.8,coffee,500002
122,32,67,21.7,69.9,6.0,172.6,sugarcane,500002
92,60,35,28.6,80.2,6.4,229.2,maize,500003
47,22,22,19.5,82.6,5.8,214.2,sugarcane,500001
119,58,39,18.9,83.7,7.4,171.2,coffee,500001
73,25,43,27.0,83.7,6.7,297.3,rice,500003
63,27,73,27.2,62.7,6.0,221.2,maize,500002
103,46,75,28.8,74.8,6.8,147.4,rice,500003
91,28,52,30.3,61.7,6.7,120.4,coffee,500003
129,56,43,34.6,76.5,6.2,130.6,coffee,500003
43,52,71,26.8,73.2,5.7,149.2,coffee,500001
124,61,30,23.5,86.6,6.8,132.1,rice,500003
77,63,68,31.5,70.5,6.5,137.3,rice,500001
44,43,27,22.6,63.5,7.0,157.0,rice,500001
101,34,55,25.5,64.3,6.5,134.7,rice,500001
107,51,57,19.3,82.8,7.2,279.4,coffee,500002
116,51,59,18.4,78.5,6.6,116.0,coffee,500001
91,43,39,34.4,63.0,6.6,204.9,maize,500001
69,60,54,32.2,62.5,7.3,182.1,maize,500002
114,68,67,29.8,81.0,6.3,296.5,rice,500001
109,68,44,25.0,62.2,5.8,122.4,sugarcane,500003
111,31,54,20.9,84.7,5.6,179.6,sugarcane,500003
82,58,44,20.7,81.2,7.0,293.9,coffee,500001
53,21,48,22.3,62.4,6.7,273.1,coffee,500002
55,22,37,27.3,62.5,6.9,263.4,coffee,500003
118,68,65,30.1,89.6,5.9,151.6,maize,500002
89,56,37,29.2,71.2,5.8,134.2,maize,500002
70,68,21,22.8,71.1,5.5,233.7,coffee,500003
58,36,73,34.2,84.4,6.2,285.9,coffee,500002
44,68,54,30.5,88.4,6.7,211.4,coffee,500003
74,21,35,27.4,89.6,6.3,214.3,sugarcane,500002
94,21,60,28.4,82.6,6.4,156.0,maize,500003
118,47,55,25.1,71.3,7.3,253.9,sugarcane,500001
100,42,52,22.2,62.5,6.2,137.4,sugarcane,500003
38,56,23,24.1,83.3,6.5,164.7,coffee,500003
117,51,52,30.9,76.8,7.1,185.1,coffee,500003
30,52,33,18.2,72.7,6.3,201.5,rice,500003
37,20,40,20.0,87.2,6.7,148.5,rice,500002
117,38,67,18.8,63.3,7.2,123.0,sugarcane,500001
92,21,39,18.7,74.8,7.4,222.1,maize,500003
40,63,75,32.5,60.3,5.8,157.7,coffee,500002
110,45,27,30.0,74.1,7.4,216.2,coffee,500001
37,51,26,26.1,61.7,6.5,130.9,sugarcane,500001
64,25,22,19.7,63.6,6.0,196.2,rice,500001
